{
  "device":"blueline",
  "sensor":{
    "channels":6,
    "index":[0,1,2,3,4,5],
    "polarity":[1,1,1,0,1,1],
    "hpf":0.1,
    "lpf":[0.06285775, 0.2544972, 0.3652901, 0.2544972, 0.06285775],
    "median":5,
    "freq":50,
    "data_scale":[3.9174, 2.9018, 4.5118, 2.8271, 3.3213, 3.1648],
    "sampling_interval":20000000
  }
}
